{"/*":["X-Frame-Options: DENY","X-XSS-Protection: 1; mode=block","X-Content-Type-Options: nosniff","Referrer-Policy: same-origin"],"/styles.13a2140272cec0c207dc.css":["Cache-Control: public, max-age=31536000, immutable"],"/commons-42e83d8cd2c6df2e9584.js":["Cache-Control: public, max-age=31536000, immutable"],"/component---src-pages-404-js-86a36b8d6e98516b42af.js":["Cache-Control: public, max-age=31536000, immutable"],"/component---src-pages-contact-js-79e7dbbe5e1dc1fb6c35.js":["Cache-Control: public, max-age=31536000, immutable"],"/d676735c-536d78ef3a24b6619c07.js":["Cache-Control: public, max-age=31536000, immutable"],"/component---src-pages-index-js-0f1441fcfa13a75a1165.js":["Cache-Control: public, max-age=31536000, immutable"],"/component---src-pages-media-js-e1b0bcbe3fc76794f66d.js":["Cache-Control: public, max-age=31536000, immutable"],"/2bbfb40b-0c42472c0e249dad72a4.js":["Cache-Control: public, max-age=31536000, immutable"],"/component---src-pages-partners-js-e9a859152c0253b22705.js":["Cache-Control: public, max-age=31536000, immutable"],"/94ee673f-d6a0a5b6d6ee257b5e5d.js":["Cache-Control: public, max-age=31536000, immutable"],"/component---src-pages-team-js-c056c53b9a6c01b49fdd.js":["Cache-Control: public, max-age=31536000, immutable"],"/component---src-pages-using-typescript-tsx-abc4b7c4e528a47cea59.js":["Cache-Control: public, max-age=31536000, immutable"],"/webpack-runtime-6c65ba7b81d5af240491.js":["Cache-Control: public, max-age=31536000, immutable"],"/framework-89ddeb149991009fa125.js":["Cache-Control: public, max-age=31536000, immutable"],"/app-e36a89747f4346f30076.js":["Cache-Control: public, max-age=31536000, immutable"],"/static/*":["Cache-Control: public, max-age=31536000, immutable"],"/sw.js":["Cache-Control: public, max-age=0, must-revalidate"],"/404/":["Link: </webpack-runtime-6c65ba7b81d5af240491.js>; rel=preload; as=script; nopush","Link: </framework-89ddeb149991009fa125.js>; rel=preload; as=script; nopush","Link: </app-e36a89747f4346f30076.js>; rel=preload; as=script; nopush","Link: </commons-42e83d8cd2c6df2e9584.js>; rel=preload; as=script; nopush","Link: </component---src-pages-404-js-86a36b8d6e98516b42af.js>; rel=preload; as=script; nopush","Link: </page-data/app-data.json>; rel=preload; as=fetch; crossorigin; nopush","Link: </page-data/404/page-data.json>; rel=preload; as=fetch; crossorigin; nopush"],"/contact/":["Link: </webpack-runtime-6c65ba7b81d5af240491.js>; rel=preload; as=script; nopush","Link: </framework-89ddeb149991009fa125.js>; rel=preload; as=script; nopush","Link: </app-e36a89747f4346f30076.js>; rel=preload; as=script; nopush","Link: </commons-42e83d8cd2c6df2e9584.js>; rel=preload; as=script; nopush","Link: </component---src-pages-contact-js-79e7dbbe5e1dc1fb6c35.js>; rel=preload; as=script; nopush","Link: </page-data/app-data.json>; rel=preload; as=fetch; crossorigin; nopush","Link: </page-data/contact/page-data.json>; rel=preload; as=fetch; crossorigin; nopush"],"/":["Link: </webpack-runtime-6c65ba7b81d5af240491.js>; rel=preload; as=script; nopush","Link: </framework-89ddeb149991009fa125.js>; rel=preload; as=script; nopush","Link: </app-e36a89747f4346f30076.js>; rel=preload; as=script; nopush","Link: </d676735c-536d78ef3a24b6619c07.js>; rel=preload; as=script; nopush","Link: </commons-42e83d8cd2c6df2e9584.js>; rel=preload; as=script; nopush","Link: </component---src-pages-index-js-0f1441fcfa13a75a1165.js>; rel=preload; as=script; nopush","Link: </page-data/app-data.json>; rel=preload; as=fetch; crossorigin; nopush","Link: </page-data/index/page-data.json>; rel=preload; as=fetch; crossorigin; nopush"],"/media/":["Link: </webpack-runtime-6c65ba7b81d5af240491.js>; rel=preload; as=script; nopush","Link: </framework-89ddeb149991009fa125.js>; rel=preload; as=script; nopush","Link: </app-e36a89747f4346f30076.js>; rel=preload; as=script; nopush","Link: </commons-42e83d8cd2c6df2e9584.js>; rel=preload; as=script; nopush","Link: </component---src-pages-media-js-e1b0bcbe3fc76794f66d.js>; rel=preload; as=script; nopush","Link: </page-data/app-data.json>; rel=preload; as=fetch; crossorigin; nopush","Link: </page-data/media/page-data.json>; rel=preload; as=fetch; crossorigin; nopush"],"/partners/":["Link: </webpack-runtime-6c65ba7b81d5af240491.js>; rel=preload; as=script; nopush","Link: </framework-89ddeb149991009fa125.js>; rel=preload; as=script; nopush","Link: </app-e36a89747f4346f30076.js>; rel=preload; as=script; nopush","Link: </2bbfb40b-0c42472c0e249dad72a4.js>; rel=preload; as=script; nopush","Link: </commons-42e83d8cd2c6df2e9584.js>; rel=preload; as=script; nopush","Link: </component---src-pages-partners-js-e9a859152c0253b22705.js>; rel=preload; as=script; nopush","Link: </page-data/app-data.json>; rel=preload; as=fetch; crossorigin; nopush","Link: </page-data/partners/page-data.json>; rel=preload; as=fetch; crossorigin; nopush"],"/team/":["Link: </webpack-runtime-6c65ba7b81d5af240491.js>; rel=preload; as=script; nopush","Link: </framework-89ddeb149991009fa125.js>; rel=preload; as=script; nopush","Link: </app-e36a89747f4346f30076.js>; rel=preload; as=script; nopush","Link: </94ee673f-d6a0a5b6d6ee257b5e5d.js>; rel=preload; as=script; nopush","Link: </commons-42e83d8cd2c6df2e9584.js>; rel=preload; as=script; nopush","Link: </component---src-pages-team-js-c056c53b9a6c01b49fdd.js>; rel=preload; as=script; nopush","Link: </page-data/app-data.json>; rel=preload; as=fetch; crossorigin; nopush","Link: </page-data/team/page-data.json>; rel=preload; as=fetch; crossorigin; nopush"],"/using-typescript/":["Link: </webpack-runtime-6c65ba7b81d5af240491.js>; rel=preload; as=script; nopush","Link: </framework-89ddeb149991009fa125.js>; rel=preload; as=script; nopush","Link: </app-e36a89747f4346f30076.js>; rel=preload; as=script; nopush","Link: </commons-42e83d8cd2c6df2e9584.js>; rel=preload; as=script; nopush","Link: </component---src-pages-using-typescript-tsx-abc4b7c4e528a47cea59.js>; rel=preload; as=script; nopush","Link: </page-data/app-data.json>; rel=preload; as=fetch; crossorigin; nopush","Link: </page-data/using-typescript/page-data.json>; rel=preload; as=fetch; crossorigin; nopush"],"/404.html":["Link: </webpack-runtime-6c65ba7b81d5af240491.js>; rel=preload; as=script; nopush","Link: </framework-89ddeb149991009fa125.js>; rel=preload; as=script; nopush","Link: </app-e36a89747f4346f30076.js>; rel=preload; as=script; nopush","Link: </commons-42e83d8cd2c6df2e9584.js>; rel=preload; as=script; nopush","Link: </component---src-pages-404-js-86a36b8d6e98516b42af.js>; rel=preload; as=script; nopush","Link: </page-data/app-data.json>; rel=preload; as=fetch; crossorigin; nopush","Link: </page-data/404.html/page-data.json>; rel=preload; as=fetch; crossorigin; nopush"]}