{"/*":["X-Frame-Options: DENY","X-XSS-Protection: 1; mode=block","X-Content-Type-Options: nosniff","Referrer-Policy: same-origin"],"/styles.13a2140272cec0c207dc.css":["Cache-Control: public, max-age=31536000, immutable"],"/e36a640f04cc135513ea40d61878ff9964ea3c22-ed41caf6cd53940a1884.js":["Cache-Control: public, max-age=31536000, immutable"],"/component---src-pages-404-js-86a36b8d6e98516b42af.js":["Cache-Control: public, max-age=31536000, immutable"],"/component---src-pages-contact-js-10a5529fad00c51e2911.js":["Cache-Control: public, max-age=31536000, immutable"],"/d676735c-4451b312406939f946ba.js":["Cache-Control: public, max-age=31536000, immutable"],"/1e510672f476418d1ac1eac5e7fe97a3deb99cd5-dc801199e7cfec5e65f5.js":["Cache-Control: public, max-age=31536000, immutable"],"/component---src-pages-index-js-37841cf6fbf82dd58903.js":["Cache-Control: public, max-age=31536000, immutable"],"/component---src-pages-media-js-115dc25d8573fbbd302a.js":["Cache-Control: public, max-age=31536000, immutable"],"/component---src-pages-old-index-js-447ac83222dcd67be956.js":["Cache-Control: public, max-age=31536000, immutable"],"/component---src-pages-page-2-js-d6e0390461643cc4cb5f.js":["Cache-Control: public, max-age=31536000, immutable"],"/2bbfb40b-311c5a8500441dbb910a.js":["Cache-Control: public, max-age=31536000, immutable"],"/7552fc69e3af9fde0111554c807876b98a3c0a38-30db5679b35b58419b75.js":["Cache-Control: public, max-age=31536000, immutable"],"/component---src-pages-scroll-old-js-22028635b6d80f5afe0f.js":["Cache-Control: public, max-age=31536000, immutable"],"/component---src-pages-scroll-js-346196a2419240193438.js":["Cache-Control: public, max-age=31536000, immutable"],"/component---src-pages-start-js-ff6ae3c605c0aa820d37.js":["Cache-Control: public, max-age=31536000, immutable"],"/94ee673f-0c709dd2561ee6d9056c.js":["Cache-Control: public, max-age=31536000, immutable"],"/component---src-pages-team-js-d1af62dc872b378a0efa.js":["Cache-Control: public, max-age=31536000, immutable"],"/component---src-pages-using-typescript-tsx-abc4b7c4e528a47cea59.js":["Cache-Control: public, max-age=31536000, immutable"],"/webpack-runtime-efc64cee9bb14853485e.js":["Cache-Control: public, max-age=31536000, immutable"],"/framework-89ddeb149991009fa125.js":["Cache-Control: public, max-age=31536000, immutable"],"/app-4ddfeee3c64071073608.js":["Cache-Control: public, max-age=31536000, immutable"],"/static/*":["Cache-Control: public, max-age=31536000, immutable"],"/sw.js":["Cache-Control: public, max-age=0, must-revalidate"],"/404/":["Link: </webpack-runtime-efc64cee9bb14853485e.js>; rel=preload; as=script; nopush","Link: </framework-89ddeb149991009fa125.js>; rel=preload; as=script; nopush","Link: </app-4ddfeee3c64071073608.js>; rel=preload; as=script; nopush","Link: </e36a640f04cc135513ea40d61878ff9964ea3c22-ed41caf6cd53940a1884.js>; rel=preload; as=script; nopush","Link: </component---src-pages-404-js-86a36b8d6e98516b42af.js>; rel=preload; as=script; nopush","Link: </page-data/app-data.json>; rel=preload; as=fetch; crossorigin; nopush","Link: </page-data/404/page-data.json>; rel=preload; as=fetch; crossorigin; nopush"],"/contact/":["Link: </webpack-runtime-efc64cee9bb14853485e.js>; rel=preload; as=script; nopush","Link: </framework-89ddeb149991009fa125.js>; rel=preload; as=script; nopush","Link: </app-4ddfeee3c64071073608.js>; rel=preload; as=script; nopush","Link: </e36a640f04cc135513ea40d61878ff9964ea3c22-ed41caf6cd53940a1884.js>; rel=preload; as=script; nopush","Link: </component---src-pages-contact-js-10a5529fad00c51e2911.js>; rel=preload; as=script; nopush","Link: </page-data/app-data.json>; rel=preload; as=fetch; crossorigin; nopush","Link: </page-data/contact/page-data.json>; rel=preload; as=fetch; crossorigin; nopush"],"/":["Link: </webpack-runtime-efc64cee9bb14853485e.js>; rel=preload; as=script; nopush","Link: </framework-89ddeb149991009fa125.js>; rel=preload; as=script; nopush","Link: </app-4ddfeee3c64071073608.js>; rel=preload; as=script; nopush","Link: </d676735c-4451b312406939f946ba.js>; rel=preload; as=script; nopush","Link: </e36a640f04cc135513ea40d61878ff9964ea3c22-ed41caf6cd53940a1884.js>; rel=preload; as=script; nopush","Link: </1e510672f476418d1ac1eac5e7fe97a3deb99cd5-dc801199e7cfec5e65f5.js>; rel=preload; as=script; nopush","Link: </component---src-pages-index-js-37841cf6fbf82dd58903.js>; rel=preload; as=script; nopush","Link: </page-data/app-data.json>; rel=preload; as=fetch; crossorigin; nopush","Link: </page-data/index/page-data.json>; rel=preload; as=fetch; crossorigin; nopush"],"/media/":["Link: </webpack-runtime-efc64cee9bb14853485e.js>; rel=preload; as=script; nopush","Link: </framework-89ddeb149991009fa125.js>; rel=preload; as=script; nopush","Link: </app-4ddfeee3c64071073608.js>; rel=preload; as=script; nopush","Link: </e36a640f04cc135513ea40d61878ff9964ea3c22-ed41caf6cd53940a1884.js>; rel=preload; as=script; nopush","Link: </component---src-pages-media-js-115dc25d8573fbbd302a.js>; rel=preload; as=script; nopush","Link: </page-data/app-data.json>; rel=preload; as=fetch; crossorigin; nopush","Link: </page-data/media/page-data.json>; rel=preload; as=fetch; crossorigin; nopush"],"/oldIndex/":["Link: </webpack-runtime-efc64cee9bb14853485e.js>; rel=preload; as=script; nopush","Link: </framework-89ddeb149991009fa125.js>; rel=preload; as=script; nopush","Link: </app-4ddfeee3c64071073608.js>; rel=preload; as=script; nopush","Link: </e36a640f04cc135513ea40d61878ff9964ea3c22-ed41caf6cd53940a1884.js>; rel=preload; as=script; nopush","Link: </component---src-pages-old-index-js-447ac83222dcd67be956.js>; rel=preload; as=script; nopush","Link: </page-data/app-data.json>; rel=preload; as=fetch; crossorigin; nopush","Link: </page-data/oldIndex/page-data.json>; rel=preload; as=fetch; crossorigin; nopush"],"/page-2/":["Link: </webpack-runtime-efc64cee9bb14853485e.js>; rel=preload; as=script; nopush","Link: </framework-89ddeb149991009fa125.js>; rel=preload; as=script; nopush","Link: </app-4ddfeee3c64071073608.js>; rel=preload; as=script; nopush","Link: </e36a640f04cc135513ea40d61878ff9964ea3c22-ed41caf6cd53940a1884.js>; rel=preload; as=script; nopush","Link: </component---src-pages-page-2-js-d6e0390461643cc4cb5f.js>; rel=preload; as=script; nopush","Link: </page-data/app-data.json>; rel=preload; as=fetch; crossorigin; nopush","Link: </page-data/page-2/page-data.json>; rel=preload; as=fetch; crossorigin; nopush"],"/partners/":["Link: </webpack-runtime-efc64cee9bb14853485e.js>; rel=preload; as=script; nopush","Link: </framework-89ddeb149991009fa125.js>; rel=preload; as=script; nopush","Link: </app-4ddfeee3c64071073608.js>; rel=preload; as=script; nopush","Link: </2bbfb40b-311c5a8500441dbb910a.js>; rel=preload; as=script; nopush","Link: </e36a640f04cc135513ea40d61878ff9964ea3c22-ed41caf6cd53940a1884.js>; rel=preload; as=script; nopush","Link: </7552fc69e3af9fde0111554c807876b98a3c0a38-30db5679b35b58419b75.js>; rel=preload; as=script; nopush","Link: </page-data/app-data.json>; rel=preload; as=fetch; crossorigin; nopush","Link: </page-data/partners/page-data.json>; rel=preload; as=fetch; crossorigin; nopush"],"/scroll-old/":["Link: </webpack-runtime-efc64cee9bb14853485e.js>; rel=preload; as=script; nopush","Link: </framework-89ddeb149991009fa125.js>; rel=preload; as=script; nopush","Link: </app-4ddfeee3c64071073608.js>; rel=preload; as=script; nopush","Link: </e36a640f04cc135513ea40d61878ff9964ea3c22-ed41caf6cd53940a1884.js>; rel=preload; as=script; nopush","Link: </1e510672f476418d1ac1eac5e7fe97a3deb99cd5-dc801199e7cfec5e65f5.js>; rel=preload; as=script; nopush","Link: </component---src-pages-scroll-old-js-22028635b6d80f5afe0f.js>; rel=preload; as=script; nopush","Link: </page-data/app-data.json>; rel=preload; as=fetch; crossorigin; nopush","Link: </page-data/scroll-old/page-data.json>; rel=preload; as=fetch; crossorigin; nopush"],"/scroll/":["Link: </webpack-runtime-efc64cee9bb14853485e.js>; rel=preload; as=script; nopush","Link: </framework-89ddeb149991009fa125.js>; rel=preload; as=script; nopush","Link: </app-4ddfeee3c64071073608.js>; rel=preload; as=script; nopush","Link: </e36a640f04cc135513ea40d61878ff9964ea3c22-ed41caf6cd53940a1884.js>; rel=preload; as=script; nopush","Link: </1e510672f476418d1ac1eac5e7fe97a3deb99cd5-dc801199e7cfec5e65f5.js>; rel=preload; as=script; nopush","Link: </component---src-pages-scroll-js-346196a2419240193438.js>; rel=preload; as=script; nopush","Link: </page-data/app-data.json>; rel=preload; as=fetch; crossorigin; nopush","Link: </page-data/scroll/page-data.json>; rel=preload; as=fetch; crossorigin; nopush"],"/start/":["Link: </webpack-runtime-efc64cee9bb14853485e.js>; rel=preload; as=script; nopush","Link: </framework-89ddeb149991009fa125.js>; rel=preload; as=script; nopush","Link: </app-4ddfeee3c64071073608.js>; rel=preload; as=script; nopush","Link: </1e510672f476418d1ac1eac5e7fe97a3deb99cd5-dc801199e7cfec5e65f5.js>; rel=preload; as=script; nopush","Link: </component---src-pages-start-js-ff6ae3c605c0aa820d37.js>; rel=preload; as=script; nopush","Link: </page-data/app-data.json>; rel=preload; as=fetch; crossorigin; nopush","Link: </page-data/start/page-data.json>; rel=preload; as=fetch; crossorigin; nopush"],"/team/":["Link: </webpack-runtime-efc64cee9bb14853485e.js>; rel=preload; as=script; nopush","Link: </framework-89ddeb149991009fa125.js>; rel=preload; as=script; nopush","Link: </app-4ddfeee3c64071073608.js>; rel=preload; as=script; nopush","Link: </94ee673f-0c709dd2561ee6d9056c.js>; rel=preload; as=script; nopush","Link: </e36a640f04cc135513ea40d61878ff9964ea3c22-ed41caf6cd53940a1884.js>; rel=preload; as=script; nopush","Link: </7552fc69e3af9fde0111554c807876b98a3c0a38-30db5679b35b58419b75.js>; rel=preload; as=script; nopush","Link: </component---src-pages-team-js-d1af62dc872b378a0efa.js>; rel=preload; as=script; nopush","Link: </page-data/app-data.json>; rel=preload; as=fetch; crossorigin; nopush","Link: </page-data/team/page-data.json>; rel=preload; as=fetch; crossorigin; nopush"],"/using-typescript/":["Link: </webpack-runtime-efc64cee9bb14853485e.js>; rel=preload; as=script; nopush","Link: </framework-89ddeb149991009fa125.js>; rel=preload; as=script; nopush","Link: </app-4ddfeee3c64071073608.js>; rel=preload; as=script; nopush","Link: </e36a640f04cc135513ea40d61878ff9964ea3c22-ed41caf6cd53940a1884.js>; rel=preload; as=script; nopush","Link: </component---src-pages-using-typescript-tsx-abc4b7c4e528a47cea59.js>; rel=preload; as=script; nopush","Link: </page-data/app-data.json>; rel=preload; as=fetch; crossorigin; nopush","Link: </page-data/using-typescript/page-data.json>; rel=preload; as=fetch; crossorigin; nopush"],"/404.html":["Link: </webpack-runtime-efc64cee9bb14853485e.js>; rel=preload; as=script; nopush","Link: </framework-89ddeb149991009fa125.js>; rel=preload; as=script; nopush","Link: </app-4ddfeee3c64071073608.js>; rel=preload; as=script; nopush","Link: </e36a640f04cc135513ea40d61878ff9964ea3c22-ed41caf6cd53940a1884.js>; rel=preload; as=script; nopush","Link: </component---src-pages-404-js-86a36b8d6e98516b42af.js>; rel=preload; as=script; nopush","Link: </page-data/app-data.json>; rel=preload; as=fetch; crossorigin; nopush","Link: </page-data/404.html/page-data.json>; rel=preload; as=fetch; crossorigin; nopush"]}