{"polyfill":["/polyfill-e7fd2f565a857dc57935.js"],"app":["/app-4ddfeee3c64071073608.js"],"component---src-pages-404-js":["/component---src-pages-404-js-86a36b8d6e98516b42af.js"],"component---src-pages-contact-js":["/component---src-pages-contact-js-10a5529fad00c51e2911.js"],"component---src-pages-index-js":["/component---src-pages-index-js-37841cf6fbf82dd58903.js"],"component---src-pages-media-js":["/component---src-pages-media-js-115dc25d8573fbbd302a.js"],"component---src-pages-old-index-js":["/component---src-pages-old-index-js-447ac83222dcd67be956.js"],"component---src-pages-page-2-js":["/component---src-pages-page-2-js-d6e0390461643cc4cb5f.js"],"component---src-pages-partners-js":[],"component---src-pages-scroll-js":["/component---src-pages-scroll-js-346196a2419240193438.js"],"component---src-pages-scroll-old-js":["/component---src-pages-scroll-old-js-22028635b6d80f5afe0f.js"],"component---src-pages-start-js":["/component---src-pages-start-js-ff6ae3c605c0aa820d37.js"],"component---src-pages-team-js":["/component---src-pages-team-js-d1af62dc872b378a0efa.js"],"component---src-pages-using-typescript-tsx":["/component---src-pages-using-typescript-tsx-abc4b7c4e528a47cea59.js"]}