{"polyfill":["/polyfill-e7fd2f565a857dc57935.js"],"app":["/app-e36a89747f4346f30076.js"],"component---src-pages-404-js":["/component---src-pages-404-js-86a36b8d6e98516b42af.js"],"component---src-pages-contact-js":["/component---src-pages-contact-js-79e7dbbe5e1dc1fb6c35.js"],"component---src-pages-index-js":["/component---src-pages-index-js-0f1441fcfa13a75a1165.js"],"component---src-pages-media-js":["/component---src-pages-media-js-e1b0bcbe3fc76794f66d.js"],"component---src-pages-partners-js":["/component---src-pages-partners-js-e9a859152c0253b22705.js"],"component---src-pages-team-js":["/component---src-pages-team-js-c056c53b9a6c01b49fdd.js"],"component---src-pages-using-typescript-tsx":["/component---src-pages-using-typescript-tsx-abc4b7c4e528a47cea59.js"]}