{"namedChunkGroups":{"polyfill":{"name":"polyfill","assets":[{"name":"webpack-runtime-efc64cee9bb14853485e.js","size":5827},{"name":"polyfill-e7fd2f565a857dc57935.js","size":82650}],"filteredAssets":0,"assetsSize":88477,"filteredAuxiliaryAssets":2,"auxiliaryAssetsSize":222620},"app":{"name":"app","assets":[{"name":"webpack-runtime-efc64cee9bb14853485e.js","size":5827},{"name":"styles.13a2140272cec0c207dc.css","size":6514},{"name":"framework-89ddeb149991009fa125.js","size":128977},{"name":"app-4ddfeee3c64071073608.js","size":84988}],"filteredAssets":0,"assetsSize":226306,"filteredAuxiliaryAssets":3,"auxiliaryAssetsSize":758080},"component---src-pages-404-js":{"name":"component---src-pages-404-js","assets":[{"name":"styles.13a2140272cec0c207dc.css","size":6514},{"name":"e36a640f04cc135513ea40d61878ff9964ea3c22-ed41caf6cd53940a1884.js","size":28225},{"name":"component---src-pages-404-js-86a36b8d6e98516b42af.js","size":464}],"filteredAssets":0,"assetsSize":35203,"filteredAuxiliaryAssets":2,"auxiliaryAssetsSize":92546},"component---src-pages-contact-js":{"name":"component---src-pages-contact-js","assets":[{"name":"styles.13a2140272cec0c207dc.css","size":6514},{"name":"e36a640f04cc135513ea40d61878ff9964ea3c22-ed41caf6cd53940a1884.js","size":28225},{"name":"component---src-pages-contact-js-10a5529fad00c51e2911.js","size":9389}],"filteredAssets":0,"assetsSize":44128,"filteredAuxiliaryAssets":2,"auxiliaryAssetsSize":96354},"component---src-pages-index-js":{"name":"component---src-pages-index-js","assets":[{"name":"styles.13a2140272cec0c207dc.css","size":6514},{"name":"d676735c-4451b312406939f946ba.js","size":9589},{"name":"e36a640f04cc135513ea40d61878ff9964ea3c22-ed41caf6cd53940a1884.js","size":28225},{"name":"1e510672f476418d1ac1eac5e7fe97a3deb99cd5-dc801199e7cfec5e65f5.js","size":34106},{"name":"component---src-pages-index-js-37841cf6fbf82dd58903.js","size":1470}],"filteredAssets":0,"assetsSize":79904,"filteredAuxiliaryAssets":3,"auxiliaryAssetsSize":313815},"component---src-pages-media-js":{"name":"component---src-pages-media-js","assets":[{"name":"styles.13a2140272cec0c207dc.css","size":6514},{"name":"e36a640f04cc135513ea40d61878ff9964ea3c22-ed41caf6cd53940a1884.js","size":28225},{"name":"component---src-pages-media-js-115dc25d8573fbbd302a.js","size":42512}],"filteredAssets":0,"assetsSize":77251,"filteredAuxiliaryAssets":2,"auxiliaryAssetsSize":95667},"component---src-pages-old-index-js":{"name":"component---src-pages-old-index-js","assets":[{"name":"styles.13a2140272cec0c207dc.css","size":6514},{"name":"e36a640f04cc135513ea40d61878ff9964ea3c22-ed41caf6cd53940a1884.js","size":28225},{"name":"component---src-pages-old-index-js-447ac83222dcd67be956.js","size":1330}],"filteredAssets":0,"assetsSize":36069,"filteredAuxiliaryAssets":2,"auxiliaryAssetsSize":93308},"component---src-pages-page-2-js":{"name":"component---src-pages-page-2-js","assets":[{"name":"styles.13a2140272cec0c207dc.css","size":6514},{"name":"e36a640f04cc135513ea40d61878ff9964ea3c22-ed41caf6cd53940a1884.js","size":28225},{"name":"component---src-pages-page-2-js-d6e0390461643cc4cb5f.js","size":492}],"filteredAssets":0,"assetsSize":35231,"filteredAuxiliaryAssets":2,"auxiliaryAssetsSize":92629},"component---src-pages-partners-js":{"name":"component---src-pages-partners-js","assets":[{"name":"styles.13a2140272cec0c207dc.css","size":6514},{"name":"2bbfb40b-311c5a8500441dbb910a.js","size":8828},{"name":"e36a640f04cc135513ea40d61878ff9964ea3c22-ed41caf6cd53940a1884.js","size":28225},{"name":"7552fc69e3af9fde0111554c807876b98a3c0a38-30db5679b35b58419b75.js","size":12173}],"filteredAssets":0,"assetsSize":55740,"filteredAuxiliaryAssets":3,"auxiliaryAssetsSize":156646},"component---src-pages-scroll-js":{"name":"component---src-pages-scroll-js","assets":[{"name":"styles.13a2140272cec0c207dc.css","size":6514},{"name":"e36a640f04cc135513ea40d61878ff9964ea3c22-ed41caf6cd53940a1884.js","size":28225},{"name":"1e510672f476418d1ac1eac5e7fe97a3deb99cd5-dc801199e7cfec5e65f5.js","size":34106},{"name":"component---src-pages-scroll-js-346196a2419240193438.js","size":3626}],"filteredAssets":0,"assetsSize":72471,"filteredAuxiliaryAssets":3,"auxiliaryAssetsSize":306938},"component---src-pages-scroll-old-js":{"name":"component---src-pages-scroll-old-js","assets":[{"name":"styles.13a2140272cec0c207dc.css","size":6514},{"name":"e36a640f04cc135513ea40d61878ff9964ea3c22-ed41caf6cd53940a1884.js","size":28225},{"name":"1e510672f476418d1ac1eac5e7fe97a3deb99cd5-dc801199e7cfec5e65f5.js","size":34106},{"name":"component---src-pages-scroll-old-js-22028635b6d80f5afe0f.js","size":4378}],"filteredAssets":0,"assetsSize":73223,"filteredAuxiliaryAssets":3,"auxiliaryAssetsSize":305551},"component---src-pages-start-js":{"name":"component---src-pages-start-js","assets":[{"name":"1e510672f476418d1ac1eac5e7fe97a3deb99cd5-dc801199e7cfec5e65f5.js","size":34106},{"name":"component---src-pages-start-js-ff6ae3c605c0aa820d37.js","size":7862}],"filteredAssets":0,"assetsSize":41968,"filteredAuxiliaryAssets":2,"auxiliaryAssetsSize":222805},"component---src-pages-team-js":{"name":"component---src-pages-team-js","assets":[{"name":"styles.13a2140272cec0c207dc.css","size":6514},{"name":"94ee673f-0c709dd2561ee6d9056c.js","size":7017},{"name":"e36a640f04cc135513ea40d61878ff9964ea3c22-ed41caf6cd53940a1884.js","size":28225},{"name":"7552fc69e3af9fde0111554c807876b98a3c0a38-30db5679b35b58419b75.js","size":12173},{"name":"component---src-pages-team-js-d1af62dc872b378a0efa.js","size":24631}],"filteredAssets":0,"assetsSize":78560,"filteredAuxiliaryAssets":3,"auxiliaryAssetsSize":156633},"component---src-pages-using-typescript-tsx":{"name":"component---src-pages-using-typescript-tsx","assets":[{"name":"styles.13a2140272cec0c207dc.css","size":6514},{"name":"e36a640f04cc135513ea40d61878ff9964ea3c22-ed41caf6cd53940a1884.js","size":28225},{"name":"component---src-pages-using-typescript-tsx-abc4b7c4e528a47cea59.js","size":1240}],"filteredAssets":0,"assetsSize":35979,"filteredAuxiliaryAssets":2,"auxiliaryAssetsSize":93951}},"assetsByChunkName":{"polyfill":["webpack-runtime-efc64cee9bb14853485e.js","polyfill-e7fd2f565a857dc57935.js"],"app":["webpack-runtime-efc64cee9bb14853485e.js","styles.13a2140272cec0c207dc.css","framework-89ddeb149991009fa125.js","app-4ddfeee3c64071073608.js"],"component---src-pages-404-js":["styles.13a2140272cec0c207dc.css","e36a640f04cc135513ea40d61878ff9964ea3c22-ed41caf6cd53940a1884.js","component---src-pages-404-js-86a36b8d6e98516b42af.js"],"component---src-pages-contact-js":["styles.13a2140272cec0c207dc.css","e36a640f04cc135513ea40d61878ff9964ea3c22-ed41caf6cd53940a1884.js","component---src-pages-contact-js-10a5529fad00c51e2911.js"],"component---src-pages-index-js":["styles.13a2140272cec0c207dc.css","d676735c-4451b312406939f946ba.js","e36a640f04cc135513ea40d61878ff9964ea3c22-ed41caf6cd53940a1884.js","1e510672f476418d1ac1eac5e7fe97a3deb99cd5-dc801199e7cfec5e65f5.js","component---src-pages-index-js-37841cf6fbf82dd58903.js"],"component---src-pages-media-js":["styles.13a2140272cec0c207dc.css","e36a640f04cc135513ea40d61878ff9964ea3c22-ed41caf6cd53940a1884.js","component---src-pages-media-js-115dc25d8573fbbd302a.js"],"component---src-pages-old-index-js":["styles.13a2140272cec0c207dc.css","e36a640f04cc135513ea40d61878ff9964ea3c22-ed41caf6cd53940a1884.js","component---src-pages-old-index-js-447ac83222dcd67be956.js"],"component---src-pages-page-2-js":["styles.13a2140272cec0c207dc.css","e36a640f04cc135513ea40d61878ff9964ea3c22-ed41caf6cd53940a1884.js","component---src-pages-page-2-js-d6e0390461643cc4cb5f.js"],"component---src-pages-partners-js":["styles.13a2140272cec0c207dc.css","2bbfb40b-311c5a8500441dbb910a.js","e36a640f04cc135513ea40d61878ff9964ea3c22-ed41caf6cd53940a1884.js","7552fc69e3af9fde0111554c807876b98a3c0a38-30db5679b35b58419b75.js"],"component---src-pages-scroll-js":["styles.13a2140272cec0c207dc.css","e36a640f04cc135513ea40d61878ff9964ea3c22-ed41caf6cd53940a1884.js","1e510672f476418d1ac1eac5e7fe97a3deb99cd5-dc801199e7cfec5e65f5.js","component---src-pages-scroll-js-346196a2419240193438.js"],"component---src-pages-scroll-old-js":["styles.13a2140272cec0c207dc.css","e36a640f04cc135513ea40d61878ff9964ea3c22-ed41caf6cd53940a1884.js","1e510672f476418d1ac1eac5e7fe97a3deb99cd5-dc801199e7cfec5e65f5.js","component---src-pages-scroll-old-js-22028635b6d80f5afe0f.js"],"component---src-pages-start-js":["1e510672f476418d1ac1eac5e7fe97a3deb99cd5-dc801199e7cfec5e65f5.js","component---src-pages-start-js-ff6ae3c605c0aa820d37.js"],"component---src-pages-team-js":["styles.13a2140272cec0c207dc.css","94ee673f-0c709dd2561ee6d9056c.js","e36a640f04cc135513ea40d61878ff9964ea3c22-ed41caf6cd53940a1884.js","7552fc69e3af9fde0111554c807876b98a3c0a38-30db5679b35b58419b75.js","component---src-pages-team-js-d1af62dc872b378a0efa.js"],"component---src-pages-using-typescript-tsx":["styles.13a2140272cec0c207dc.css","e36a640f04cc135513ea40d61878ff9964ea3c22-ed41caf6cd53940a1884.js","component---src-pages-using-typescript-tsx-abc4b7c4e528a47cea59.js"]},"childAssetsByChunkName":{}}