{"namedChunkGroups":{"polyfill":{"name":"polyfill","assets":[{"name":"webpack-runtime-6c65ba7b81d5af240491.js","size":5386},{"name":"polyfill-e7fd2f565a857dc57935.js","size":82650}],"filteredAssets":0,"assetsSize":88036,"filteredAuxiliaryAssets":2,"auxiliaryAssetsSize":221961},"app":{"name":"app","assets":[{"name":"webpack-runtime-6c65ba7b81d5af240491.js","size":5386},{"name":"styles.13a2140272cec0c207dc.css","size":6514},{"name":"framework-89ddeb149991009fa125.js","size":128977},{"name":"app-e36a89747f4346f30076.js","size":84523}],"filteredAssets":0,"assetsSize":225400,"filteredAuxiliaryAssets":3,"auxiliaryAssetsSize":756914},"component---src-pages-404-js":{"name":"component---src-pages-404-js","assets":[{"name":"styles.13a2140272cec0c207dc.css","size":6514},{"name":"commons-42e83d8cd2c6df2e9584.js","size":28192},{"name":"component---src-pages-404-js-86a36b8d6e98516b42af.js","size":464}],"filteredAssets":0,"assetsSize":35170,"filteredAuxiliaryAssets":2,"auxiliaryAssetsSize":92513},"component---src-pages-contact-js":{"name":"component---src-pages-contact-js","assets":[{"name":"styles.13a2140272cec0c207dc.css","size":6514},{"name":"commons-42e83d8cd2c6df2e9584.js","size":28192},{"name":"component---src-pages-contact-js-79e7dbbe5e1dc1fb6c35.js","size":17043}],"filteredAssets":0,"assetsSize":51749,"filteredAuxiliaryAssets":2,"auxiliaryAssetsSize":96338},"component---src-pages-index-js":{"name":"component---src-pages-index-js","assets":[{"name":"styles.13a2140272cec0c207dc.css","size":6514},{"name":"d676735c-536d78ef3a24b6619c07.js","size":9403},{"name":"commons-42e83d8cd2c6df2e9584.js","size":28192},{"name":"component---src-pages-index-js-0f1441fcfa13a75a1165.js","size":35454}],"filteredAssets":0,"assetsSize":79563,"filteredAuxiliaryAssets":3,"auxiliaryAssetsSize":314152},"component---src-pages-media-js":{"name":"component---src-pages-media-js","assets":[{"name":"styles.13a2140272cec0c207dc.css","size":6514},{"name":"commons-42e83d8cd2c6df2e9584.js","size":28192},{"name":"component---src-pages-media-js-e1b0bcbe3fc76794f66d.js","size":42513}],"filteredAssets":0,"assetsSize":77219,"filteredAuxiliaryAssets":2,"auxiliaryAssetsSize":95635},"component---src-pages-partners-js":{"name":"component---src-pages-partners-js","assets":[{"name":"styles.13a2140272cec0c207dc.css","size":6514},{"name":"2bbfb40b-0c42472c0e249dad72a4.js","size":10014},{"name":"commons-42e83d8cd2c6df2e9584.js","size":28192},{"name":"component---src-pages-partners-js-e9a859152c0253b22705.js","size":1856}],"filteredAssets":0,"assetsSize":46576,"filteredAuxiliaryAssets":3,"auxiliaryAssetsSize":116537},"component---src-pages-team-js":{"name":"component---src-pages-team-js","assets":[{"name":"styles.13a2140272cec0c207dc.css","size":6514},{"name":"94ee673f-d6a0a5b6d6ee257b5e5d.js","size":7223},{"name":"commons-42e83d8cd2c6df2e9584.js","size":28192},{"name":"component---src-pages-team-js-c056c53b9a6c01b49fdd.js","size":26385}],"filteredAssets":0,"assetsSize":68314,"filteredAuxiliaryAssets":3,"auxiliaryAssetsSize":115594},"component---src-pages-using-typescript-tsx":{"name":"component---src-pages-using-typescript-tsx","assets":[{"name":"styles.13a2140272cec0c207dc.css","size":6514},{"name":"commons-42e83d8cd2c6df2e9584.js","size":28192},{"name":"component---src-pages-using-typescript-tsx-abc4b7c4e528a47cea59.js","size":1240}],"filteredAssets":0,"assetsSize":35946,"filteredAuxiliaryAssets":2,"auxiliaryAssetsSize":93918}},"assetsByChunkName":{"polyfill":["webpack-runtime-6c65ba7b81d5af240491.js","polyfill-e7fd2f565a857dc57935.js"],"app":["webpack-runtime-6c65ba7b81d5af240491.js","styles.13a2140272cec0c207dc.css","framework-89ddeb149991009fa125.js","app-e36a89747f4346f30076.js"],"component---src-pages-404-js":["styles.13a2140272cec0c207dc.css","commons-42e83d8cd2c6df2e9584.js","component---src-pages-404-js-86a36b8d6e98516b42af.js"],"component---src-pages-contact-js":["styles.13a2140272cec0c207dc.css","commons-42e83d8cd2c6df2e9584.js","component---src-pages-contact-js-79e7dbbe5e1dc1fb6c35.js"],"component---src-pages-index-js":["styles.13a2140272cec0c207dc.css","d676735c-536d78ef3a24b6619c07.js","commons-42e83d8cd2c6df2e9584.js","component---src-pages-index-js-0f1441fcfa13a75a1165.js"],"component---src-pages-media-js":["styles.13a2140272cec0c207dc.css","commons-42e83d8cd2c6df2e9584.js","component---src-pages-media-js-e1b0bcbe3fc76794f66d.js"],"component---src-pages-partners-js":["styles.13a2140272cec0c207dc.css","2bbfb40b-0c42472c0e249dad72a4.js","commons-42e83d8cd2c6df2e9584.js","component---src-pages-partners-js-e9a859152c0253b22705.js"],"component---src-pages-team-js":["styles.13a2140272cec0c207dc.css","94ee673f-d6a0a5b6d6ee257b5e5d.js","commons-42e83d8cd2c6df2e9584.js","component---src-pages-team-js-c056c53b9a6c01b49fdd.js"],"component---src-pages-using-typescript-tsx":["styles.13a2140272cec0c207dc.css","commons-42e83d8cd2c6df2e9584.js","component---src-pages-using-typescript-tsx-abc4b7c4e528a47cea59.js"]},"childAssetsByChunkName":{}}